Ida Walters,Ida.Walters@harrdrockhigh.edu
Marilyn Marshall,Marilyn.Marshall@harrdrockhigh.edu
Vivian Stevenson,Vivian.Stevenson@harrdrockhigh.edu
Jeffery Hammond,Jeffery.Hammond@harrdrockhigh.edu
Maryann Hudson,Maryann.Hudson@harrdrockhigh.edu
Francis Gardner,Francis.Gardner@harrdrockhigh.edu
Sean Morales,Sean.Morales@harrdrockhigh.edu
Wallace Powell,Wallace.Powell@harrdrockhigh.edu
Bobbie Bryant,Bobbie.Bryant@harrdrockhigh.edu
Joyce Flowers,Joyce.Flowers@harrdrockhigh.edu
Maria Gordon,Maria.Gordon@harrdrockhigh.edu
Nora Gonzalez,Nora.Gonzalez@harrdrockhigh.edu
Faye Haynes,Faye.Haynes@harrdrockhigh.edu
Julie Howell,Julie.Howell@harrdrockhigh.edu
Gwendolyn Manning,Gwendolyn.Manning@harrdrockhigh.edu
Wilbur Clayton,Wilbur.Clayton@harrdrockhigh.edu
Roberta Harrington,Roberta.Harrington@harrdrockhigh.edu
Kristin Wood,Kristin.Wood@harrdrockhigh.edu
Rick Page,Rick.Page@harrdrockhigh.edu
Francis Willis,Francis.Willis@harrdrockhigh.edu
Benjamin Mcdonald,Benjamin.Mcdonald@harrdrockhigh.edu
Wendell Gross,Wendell.Gross@harrdrockhigh.edu
Lindsey Buchanan,Lindsey.Buchanan@harrdrockhigh.edu
Laura Mack,Laura.Mack@harrdrockhigh.edu
Martha Yates,Martha.Yates@harrdrockhigh.edu
Eddie Sanders,Eddie.Sanders@harrdrockhigh.edu
Denise Dennis,Denise.Dennis@harrdrockhigh.edu
Manuel Gibbs,Manuel.Gibbs@harrdrockhigh.edu
Elijah Sutton,Elijah.Sutton@harrdrockhigh.edu
Yvette Burke,Yvette.Burke@harrdrockhigh.edu
Freddie Lindsey,Freddie.Lindsey@harrdrockhigh.edu
Melba Watkins,Melba.Watkins@harrdrockhigh.edu
Sandra Armstrong,Sandra.Armstrong@harrdrockhigh.edu
Scott Jennings,Scott.Jennings@harrdrockhigh.edu
Clinton Freeman,Clinton.Freeman@harrdrockhigh.edu
Leah Lawson,Leah.Lawson@harrdrockhigh.edu
Donna Perry,Donna.Perry@harrdrockhigh.edu
Ginger Carr,Ginger.Carr@harrdrockhigh.edu
Jon Nelson,Jon.Nelson@harrdrockhigh.edu
Barry Douglas,Barry.Douglas@harrdrockhigh.edu
Johnathan Martin,Johnathan.Martin@harrdrockhigh.edu
Helen Burns,Helen.Burns@harrdrockhigh.edu
Jermaine Wells,Jermaine.Wells@harrdrockhigh.edu
Marion Flores,Marion.Flores@harrdrockhigh.edu
Henrietta Cobb,Henrietta.Cobb@harrdrockhigh.edu
Annie Floyd,Annie.Floyd@harrdrockhigh.edu
Ralph Gregory,Ralph.Gregory@harrdrockhigh.edu
Pat Fuller,Pat.Fuller@harrdrockhigh.edu
Duane Mendoza,Duane.Mendoza@harrdrockhigh.edu
Spencer Roberts,Spencer.Roberts@harrdrockhigh.edu
Marlene Lucas,Marlene.Lucas@harrdrockhigh.edu
Janice Warner,Janice.Warner@harrdrockhigh.edu
Angie Fox,Angie.Fox@harrdrockhigh.edu
Sarah Houston,Sarah.Houston@harrdrockhigh.edu
Marie Mccormick,Marie.Mccormick@harrdrockhigh.edu
Clark Graves,Clark.Graves@harrdrockhigh.edu
Sue Tran,Sue.Tran@harrdrockhigh.edu
Lester Hernandez,Lester.Hernandez@harrdrockhigh.edu
Lucy Medina,Lucy.Medina@harrdrockhigh.edu
Ella Santiago,Ella.Santiago@harrdrockhigh.edu
Allan Anderson,Allan.Anderson@harrdrockhigh.edu
Mable Munoz,Mable.Munoz@harrdrockhigh.edu
Albert Reyes,Albert.Reyes@harrdrockhigh.edu
Betty Rhodes,Betty.Rhodes@harrdrockhigh.edu
Tracey Cummings,Tracey.Cummings@harrdrockhigh.edu
Donnie Garcia,Donnie.Garcia@harrdrockhigh.edu
Jonathan Craig,Jonathan.Craig@harrdrockhigh.edu
Ellen Phelps,Ellen.Phelps@harrdrockhigh.edu
Dewey Lloyd,Dewey.Lloyd@harrdrockhigh.edu
Floyd Webster,Floyd.Webster@harrdrockhigh.edu
Chad Clarke,Chad.Clarke@harrdrockhigh.edu
Rudolph Bailey,Rudolph.Bailey@harrdrockhigh.edu
Ramon Norton,Ramon.Norton@harrdrockhigh.edu
Bernadette Holt,Bernadette.Holt@harrdrockhigh.edu
Joanna Snyder,Joanna.Snyder@harrdrockhigh.edu
Lila Lawrence,Lila.Lawrence@harrdrockhigh.edu
Terry Norris,Terry.Norris@harrdrockhigh.edu
Rita Wilkerson,Rita.Wilkerson@harrdrockhigh.edu
Boyd Rodgers,Boyd.Rodgers@harrdrockhigh.edu
Holly Reeves,Holly.Reeves@harrdrockhigh.edu
Virgil Gutierrez,Virgil.Gutierrez@harrdrockhigh.edu
Doris Francis,Doris.Francis@harrdrockhigh.edu
Lowell Bowen,Lowell.Bowen@harrdrockhigh.edu
Sonia Steele,Sonia.Steele@harrdrockhigh.edu
Carol Garrett,Carol.Garrett@harrdrockhigh.edu
Hattie Strickland,Hattie.Strickland@harrdrockhigh.edu
Glenn Griffin,Glenn.Griffin@harrdrockhigh.edu
Julio Stone,Julio.Stone@harrdrockhigh.edu
Charles Wallace,Charles.Wallace@harrdrockhigh.edu
Sheri Valdez,Sheri.Valdez@harrdrockhigh.edu
Monica Payne,Monica.Payne@harrdrockhigh.edu
Jack Wright,Jack.Wright@harrdrockhigh.edu
Armando Davidson,Armando.Davidson@harrdrockhigh.edu
Jana Hall,Jana.Hall@harrdrockhigh.edu
Rosie Ballard,Rosie.Ballard@harrdrockhigh.edu
Hilda Richardson,Hilda.Richardson@harrdrockhigh.edu
Lola Swanson,Lola.Swanson@harrdrockhigh.edu
Rachel Moran,Rachel.Moran@harrdrockhigh.edu
Jordan Farmer,Jordan.Farmer@harrdrockhigh.edu
Darin Schultz,Darin.Schultz@harrdrockhigh.edu
Willis Soto,Willis.Soto@harrdrockhigh.edu
Roy Zimmerman,Roy.Zimmerman@harrdrockhigh.edu
Kristine Henry,Kristine.Henry@harrdrockhigh.edu
Curtis Bass,Curtis.Bass@harrdrockhigh.edu
Becky Nelson,Becky.Nelson@harrdrockhigh.edu
Lillian Diaz,Lillian.Diaz@harrdrockhigh.edu
Elisa Logan,Elisa.Logan@harrdrockhigh.edu
Doug Hubbard,Doug.Hubbard@harrdrockhigh.edu
Nettie Graves,Nettie.Graves@harrdrockhigh.edu
Emma Powell,Emma.Powell@harrdrockhigh.edu
Ricky Hudson,Ricky.Hudson@harrdrockhigh.edu
Shawn Moss,Shawn.Moss@harrdrockhigh.edu
Warren Drake,Warren.Drake@harrdrockhigh.edu
Rosemary Strickland,Rosemary.Strickland@harrdrockhigh.edu
Sandra Collier,Sandra.Collier@harrdrockhigh.edu
Darryl Burke,Darryl.Burke@harrdrockhigh.edu
Terry Warren,Terry.Warren@harrdrockhigh.edu
Ellis Shaw,Ellis.Shaw@harrdrockhigh.edu
Gordon Gross,Gordon.Gross@harrdrockhigh.edu
Craig Barton,Craig.Barton@harrdrockhigh.edu
Yvonne Morales,Yvonne.Morales@harrdrockhigh.edu
Alma Mccarthy,Alma.Mccarthy@harrdrockhigh.edu
Dennis Nichols,Dennis.Nichols@harrdrockhigh.edu
Sally Higgins,Sally.Higgins@harrdrockhigh.edu
Eugene Aguilar,Eugene.Aguilar@harrdrockhigh.edu
Luis Stewart,Luis.Stewart@harrdrockhigh.edu
Holly Burton,Holly.Burton@harrdrockhigh.edu
Merle Mclaughlin,Merle.Mclaughlin@harrdrockhigh.edu
Susan Knight,Susan.Knight@harrdrockhigh.edu
Lora Sanchez,Lora.Sanchez@harrdrockhigh.edu
Pamela Baker,Pamela.Baker@harrdrockhigh.edu
Scott Hicks,Scott.Hicks@harrdrockhigh.edu
June Collins,June.Collins@harrdrockhigh.edu
Melinda Harper,Melinda.Harper@harrdrockhigh.edu
Lula Walker,Lula.Walker@harrdrockhigh.edu
Ginger Jimenez,Ginger.Jimenez@harrdrockhigh.edu
Jan Castillo,Jan.Castillo@harrdrockhigh.edu
Paula Ramirez,Paula.Ramirez@harrdrockhigh.edu
Georgia Waters,Georgia.Waters@harrdrockhigh.edu
Robert Pittman,Robert.Pittman@harrdrockhigh.edu
John Shelton,John.Shelton@harrdrockhigh.edu
Jermaine Nunez,Jermaine.Nunez@harrdrockhigh.edu
Myrtle Harrison,Myrtle.Harrison@harrdrockhigh.edu
Elsa Gordon,Elsa.Gordon@harrdrockhigh.edu
Ira Reese,Ira.Reese@harrdrockhigh.edu
Larry Owens,Larry.Owens@harrdrockhigh.edu
Lonnie Copeland,Lonnie.Copeland@harrdrockhigh.edu
Sophie Parsons,Sophie.Parsons@harrdrockhigh.edu
Meghan Mendoza,Meghan.Mendoza@harrdrockhigh.edu
Olga Goodwin,Olga.Goodwin@harrdrockhigh.edu
Kristin Carr,Kristin.Carr@harrdrockhigh.edu
Wallace Fisher,Wallace.Fisher@harrdrockhigh.edu
Santiago Norton,Santiago.Norton@harrdrockhigh.edu
Teresa Jacobs,Teresa.Jacobs@harrdrockhigh.edu
Mitchell Tran,Mitchell.Tran@harrdrockhigh.edu
Phyllis Torres,Phyllis.Torres@harrdrockhigh.edu
Evelyn Hill,Evelyn.Hill@harrdrockhigh.edu
Eloise Delgado,Eloise.Delgado@harrdrockhigh.edu
Leo Norris,Leo.Norris@harrdrockhigh.edu
Dana Lambert,Dana.Lambert@harrdrockhigh.edu
Pat Briggs,Pat.Briggs@harrdrockhigh.edu
Dale Adkins,Dale.Adkins@harrdrockhigh.edu
Helen Hines,Helen.Hines@harrdrockhigh.edu
Stacy Osborne,Stacy.Osborne@harrdrockhigh.edu
Bryant Joseph,Bryant.Joseph@harrdrockhigh.edu
Daisy Powers,Daisy.Powers@harrdrockhigh.edu
Tom Thomas,Tom.Thomas@harrdrockhigh.edu
Hilda Morris,Hilda.Morris@harrdrockhigh.edu
Rolando Poole,Rolando.Poole@harrdrockhigh.edu
Jacquelyn Sparks,Jacquelyn.Sparks@harrdrockhigh.edu
Madeline Davidson,Madeline.Davidson@harrdrockhigh.edu
Joey Douglas,Joey.Douglas@harrdrockhigh.edu
Horace Brewer,Horace.Brewer@harrdrockhigh.edu
Billie Gardner,Billie.Gardner@harrdrockhigh.edu
Amy Ramos,Amy.Ramos@harrdrockhigh.edu
Clayton Ballard,Clayton.Ballard@harrdrockhigh.edu
Kirk Banks,Kirk.Banks@harrdrockhigh.edu
Oscar Montgomery,Oscar.Montgomery@harrdrockhigh.edu
Samuel Frazier,Samuel.Frazier@harrdrockhigh.edu
Marcos Townsend,Marcos.Townsend@harrdrockhigh.edu
Dixie Bowen,Dixie.Bowen@harrdrockhigh.edu
Michael Griffin,Michael.Griffin@harrdrockhigh.edu
Victor Alexander,Victor.Alexander@harrdrockhigh.edu
Margarita Flores,Margarita.Flores@harrdrockhigh.edu
Janie Fox,Janie.Fox@harrdrockhigh.edu
Cedric Patterson,Cedric.Patterson@harrdrockhigh.edu
Myra Hodges,Myra.Hodges@harrdrockhigh.edu
Shane Daniel,Shane.Daniel@harrdrockhigh.edu
Kathy Wagner,Kathy.Wagner@harrdrockhigh.edu
Paulette Lawrence,Paulette.Lawrence@harrdrockhigh.edu
Louise Foster,Louise.Foster@harrdrockhigh.edu
Claude Oliver,Claude.Oliver@harrdrockhigh.edu
Sharon Todd,Sharon.Todd@harrdrockhigh.edu
Homer Mills,Homer.Mills@harrdrockhigh.edu
Brooke Terry,Brooke.Terry@harrdrockhigh.edu
Kristen Baldwin,Kristen.Baldwin@harrdrockhigh.edu
Miguel Hampton,Miguel.Hampton@harrdrockhigh.edu
Jay May,Jay.May@harrdrockhigh.edu
Alberta Mcbride,Alberta.Mcbride@harrdrockhigh.edu
Ronald Newton,Ronald.Newton@harrdrockhigh.edu
Joey Lane,Joey.Lane@harrdrockhigh.edu
Wendy West,Wendy.West@harrdrockhigh.edu
Nellie Mann,Nellie.Mann@harrdrockhigh.edu
Alonzo Bowers,Alonzo.Bowers@harrdrockhigh.edu
Muriel Wood,Muriel.Wood@harrdrockhigh.edu
Mable Riley,Mable.Riley@harrdrockhigh.edu
Willis Adams,Willis.Adams@harrdrockhigh.edu
Marty Dixon,Marty.Dixon@harrdrockhigh.edu
Melvin Holmes,Melvin.Holmes@harrdrockhigh.edu
Natasha Ramsey,Natasha.Ramsey@harrdrockhigh.edu
Amos Gonzales,Amos.Gonzales@harrdrockhigh.edu
Velma Freeman,Velma.Freeman@harrdrockhigh.edu
Cecelia Santiago,Cecelia.Santiago@harrdrockhigh.edu
Ollie Knight,Ollie.Knight@harrdrockhigh.edu
Charlene Chandler,Charlene.Chandler@harrdrockhigh.edu
Angel Cortez,Angel.Cortez@harrdrockhigh.edu
Gwendolyn Spencer,Gwendolyn.Spencer@harrdrockhigh.edu
Melanie Park,Melanie.Park@harrdrockhigh.edu
Tommy Pearson,Tommy.Pearson@harrdrockhigh.edu
Morris Sims,Morris.Sims@harrdrockhigh.edu
Clyde Wright,Clyde.Wright@harrdrockhigh.edu
Kara Mcdaniel,Kara.Mcdaniel@harrdrockhigh.edu
Krista Barrett,Krista.Barrett@harrdrockhigh.edu
Florence Elliott,Florence.Elliott@harrdrockhigh.edu
Tami Ryan,Tami.Ryan@harrdrockhigh.edu
Nettie Flowers,Nettie.Flowers@harrdrockhigh.edu
Patsy Graves,Patsy.Graves@harrdrockhigh.edu
Joshua Mckinney,Joshua.Mckinney@harrdrockhigh.edu
Elena Welch,Elena.Welch@harrdrockhigh.edu
Rose Wagner,Rose.Wagner@harrdrockhigh.edu
Elsie Miles,Elsie.Miles@harrdrockhigh.edu
Jordan Drake,Jordan.Drake@harrdrockhigh.edu
Clayton Day,Clayton.Day@harrdrockhigh.edu
Dianna Howard,Dianna.Howard@harrdrockhigh.edu
Sylvester Farmer,Sylvester.Farmer@harrdrockhigh.edu
Winifred Summers,Winifred.Summers@harrdrockhigh.edu
Preston Gill,Preston.Gill@harrdrockhigh.edu
Johnnie Cox,Johnnie.Cox@harrdrockhigh.edu
Ruby Cobb,Ruby.Cobb@harrdrockhigh.edu
Hannah Jacobs,Hannah.Jacobs@harrdrockhigh.edu
Laurence Fleming,Laurence.Fleming@harrdrockhigh.edu
Micheal Jones,Micheal.Jones@harrdrockhigh.edu
Phyllis Rowe,Phyllis.Rowe@harrdrockhigh.edu
Peter Gibson,Peter.Gibson@harrdrockhigh.edu
Verna Fuller,Verna.Fuller@harrdrockhigh.edu
Christie Garcia,Christie.Garcia@harrdrockhigh.edu
Matthew Thomas,Matthew.Thomas@harrdrockhigh.edu
Felix Grant,Felix.Grant@harrdrockhigh.edu
Gerard Casey,Gerard.Casey@harrdrockhigh.edu
Jonathon Reese,Jonathon.Reese@harrdrockhigh.edu
Cedric Payne,Cedric.Payne@harrdrockhigh.edu
Jamie Adkins,Jamie.Adkins@harrdrockhigh.edu
Jack Brewer,Jack.Brewer@harrdrockhigh.edu
Julian Patton,Julian.Patton@harrdrockhigh.edu
Myrtle Swanson,Myrtle.Swanson@harrdrockhigh.edu
Brooke Sanchez,Brooke.Sanchez@harrdrockhigh.edu
Moses Page,Moses.Page@harrdrockhigh.edu
Mitchell Price,Mitchell.Price@harrdrockhigh.edu
Tiffany Guzman,Tiffany.Guzman@harrdrockhigh.edu
Bernard Houston,Bernard.Houston@harrdrockhigh.edu
Hattie Foster,Hattie.Foster@harrdrockhigh.edu
Lela Hawkins,Lela.Hawkins@harrdrockhigh.edu
Sheri Ross,Sheri.Ross@harrdrockhigh.edu
Lorenzo Johnson,Lorenzo.Johnson@harrdrockhigh.edu
Robin Ward,Robin.Ward@harrdrockhigh.edu
Wayne Mullins,Wayne.Mullins@harrdrockhigh.edu
Brent Pierce,Brent.Pierce@harrdrockhigh.edu
Doreen Garza,Doreen.Garza@harrdrockhigh.edu
Erin King,Erin.King@harrdrockhigh.edu
Donna Carr,Donna.Carr@harrdrockhigh.edu
Debbie Bass,Debbie.Bass@harrdrockhigh.edu
Noah Baker,Noah.Baker@harrdrockhigh.edu
Rafael Ramirez,Rafael.Ramirez@harrdrockhigh.edu
Courtney Hogan,Courtney.Hogan@harrdrockhigh.edu
Edgar Townsend,Edgar.Townsend@harrdrockhigh.edu
Tracy Mcbride,Tracy.Mcbride@harrdrockhigh.edu
Chelsea Daniel,Chelsea.Daniel@harrdrockhigh.edu
Yvette Ortega,Yvette.Ortega@harrdrockhigh.edu
Jane Herrera,Jane.Herrera@harrdrockhigh.edu
Gretchen Nelson,Gretchen.Nelson@harrdrockhigh.edu
Lyle Burgess,Lyle.Burgess@harrdrockhigh.edu
Alan Brady,Alan.Brady@harrdrockhigh.edu
Willard Christensen,Willard.Christensen@harrdrockhigh.edu
Karl Strickland,Karl.Strickland@harrdrockhigh.edu
Alicia Hubbard,Alicia.Hubbard@harrdrockhigh.edu
Traci Nichols,Traci.Nichols@harrdrockhigh.edu
Ken Bailey,Ken.Bailey@harrdrockhigh.edu
Cornelius Delgado,Cornelius.Delgado@harrdrockhigh.edu
Julius Gutierrez,Julius.Gutierrez@harrdrockhigh.edu
Francisco Morton,Francisco.Morton@harrdrockhigh.edu
Salvatore Rivera,Salvatore.Rivera@harrdrockhigh.edu
Erma Kelley,Erma.Kelley@harrdrockhigh.edu
Dana Warren,Dana.Warren@harrdrockhigh.edu
Max Kim,Max.Kim@harrdrockhigh.edu
Rudolph Wolfe,Rudolph.Wolfe@harrdrockhigh.edu
Jessie Ray,Jessie.Ray@harrdrockhigh.edu
Mike Mendez,Mike.Mendez@harrdrockhigh.edu
Peggy Barton,Peggy.Barton@harrdrockhigh.edu
William Carson,William.Carson@harrdrockhigh.edu
Arlene Porter,Arlene.Porter@harrdrockhigh.edu
Harold Higgins,Harold.Higgins@harrdrockhigh.edu
Bernadette West,Bernadette.West@harrdrockhigh.edu
Ralph Benson,Ralph.Benson@harrdrockhigh.edu
Jacquelyn Gross,Jacquelyn.Gross@harrdrockhigh.edu
Sophia Mccarthy,Sophia.Mccarthy@harrdrockhigh.edu
Tara Doyle,Tara.Doyle@harrdrockhigh.edu
Eileen Vargas,Eileen.Vargas@harrdrockhigh.edu
Clay Guzman,Clay.Guzman@harrdrockhigh.edu
Preston Romero,Preston.Romero@harrdrockhigh.edu
Kelvin Norman,Kelvin.Norman@harrdrockhigh.edu
Mercedes Graham,Mercedes.Graham@harrdrockhigh.edu
Harvey Phillips,Harvey.Phillips@harrdrockhigh.edu
Ricardo Stone,Ricardo.Stone@harrdrockhigh.edu
Alfonso Jenkins,Alfonso.Jenkins@harrdrockhigh.edu
Pamela Pittman,Pamela.Pittman@harrdrockhigh.edu
Mary Pratt,Mary.Pratt@harrdrockhigh.edu
Ira Reyes,Ira.Reyes@harrdrockhigh.edu
Sharon Clarke,Sharon.Clarke@harrdrockhigh.edu
Guadalupe Underwood,Guadalupe.Underwood@harrdrockhigh.edu
Sidney Hayes,Sidney.Hayes@harrdrockhigh.edu
Pablo Mckinney,Pablo.Mckinney@harrdrockhigh.edu
Verna Gutierrez,Verna.Gutierrez@harrdrockhigh.edu
Ernesto Townsend,Ernesto.Townsend@harrdrockhigh.edu
Loren Mendez,Loren.Mendez@harrdrockhigh.edu
Rosemarie Fernandez,Rosemarie.Fernandez@harrdrockhigh.edu
Roxanne Coleman,Roxanne.Coleman@harrdrockhigh.edu